reentrancy/0x01f8c4e3fa3edeb29e514cba738d87ce8c091d3f.sol,True,330,111.06134963035583,True,True,False,Collect(uint256),/data/home/wangzexu/manticore_pro/manticore-0.3.0/examples/evm/reentrancy/0x01f8c4e3fa3edeb29e514cba738d87ce8c091d3f.sol_PERSONAL_BANK,109.8014760017395
reentrancy/0x23a91059fdc9579a9fbd0edc5f2ea0bfdb70deb4.sol,True,211,104.54643702507019,True,False,False,CashOut(uint256),/data/home/wangzexu/manticore_pro/manticore-0.3.0/examples/evm/reentrancy/0x23a91059fdc9579a9fbd0edc5f2ea0bfdb70deb4.sol_PrivateBank,103.29537558555603
reentrancy/0x4320e6f8c05b27ab4707cd1f6d5ce6f3e4b3a5a1.sol,True,330,115.52204728126526,True,True,False,Collect(uint256),/data/home/wangzexu/manticore_pro/manticore-0.3.0/examples/evm/reentrancy/0x4320e6f8c05b27ab4707cd1f6d5ce6f3e4b3a5a1.sol_ACCURAL_DEPOSIT,114.21588134765625
reentrancy/0x4e73b32ed6c35f570686b89848e5f39f20ecc106.sol,True,409,114.7467668056488,True,True,False,Collect(uint256),/data/home/wangzexu/manticore_pro/manticore-0.3.0/examples/evm/reentrancy/0x4e73b32ed6c35f570686b89848e5f39f20ecc106.sol_PRIVATE_ETH_CELL,113.46351981163025
reentrancy/0x561eac93c92360949ab1f1403323e6db345cbf31.sol,True,409,124.75550293922424,True,True,False,Collect(uint256),/data/home/wangzexu/manticore_pro/manticore-0.3.0/examples/evm/reentrancy/0x561eac93c92360949ab1f1403323e6db345cbf31.sol_BANK_SAFE,123.5128026008606
reentrancy/0x627fa62ccbb1c1b04ffaecd72a53e37fc0e17839.sol,False,0,1.3317663669586182,True,True,True,"WithdrawToHolder(address,uint256)"
reentrancy/0x7541b76cb60f4c60af330c208b0623b7f54bf615.sol,True,210,95.14470839500427,True,True,False,Collect(uint256),/data/home/wangzexu/manticore_pro/manticore-0.3.0/examples/evm/reentrancy/0x7541b76cb60f4c60af330c208b0623b7f54bf615.sol_U_BANK,93.81563997268677
reentrancy/0x7a8721a9d64c74da899424c1b52acbf58ddc9782.sol,True,310,141.03539633750916,True,False,False,CashOut(uint256),/data/home/wangzexu/manticore_pro/manticore-0.3.0/examples/evm/reentrancy/0x7a8721a9d64c74da899424c1b52acbf58ddc9782.sol_PrivateDeposit,139.77386498451233
reentrancy/0x7b368c4e805c3870b6c49a3f1f49f69af8662cf3.sol,True,210,95.66107940673828,True,True,False,Collect(uint256),/data/home/wangzexu/manticore_pro/manticore-0.3.0/examples/evm/reentrancy/0x7b368c4e805c3870b6c49a3f1f49f69af8662cf3.sol_W_WALLET,94.37402439117432
reentrancy/0x8c7777c45481dba411450c228cb692ac3d550344.sol,True,195,111.83023452758789,True,True,False,CashOut(uint256),/data/home/wangzexu/manticore_pro/manticore-0.3.0/examples/evm/reentrancy/0x8c7777c45481dba411450c228cb692ac3d550344.sol_ETH_VAULT,110.60917496681213
reentrancy/0x93c32845fae42c83a70e5f06214c8433665c2ab5.sol,True,210,100.34287619590759,True,True,False,Collect(uint256),/data/home/wangzexu/manticore_pro/manticore-0.3.0/examples/evm/reentrancy/0x93c32845fae42c83a70e5f06214c8433665c2ab5.sol_X_WALLET,99.09333610534668
reentrancy/0x941d225236464a25eb18076df7da6a91d0f95e9e.sol,True,195,109.72894644737244,True,True,False,CashOut(uint256),/data/home/wangzexu/manticore_pro/manticore-0.3.0/examples/evm/reentrancy/0x941d225236464a25eb18076df7da6a91d0f95e9e.sol_ETH_FUND,108.5065050125122
reentrancy/0x96edbe868531bd23a6c05e9d0c424ea64fb1b78b.sol,True,520,73.32401466369629,True,True,False,Collect(uint256),/data/home/wangzexu/manticore_pro/manticore-0.3.0/examples/evm/reentrancy/0x96edbe868531bd23a6c05e9d0c424ea64fb1b78b.sol_PENNY_BY_PENNY,72.07669734954834
reentrancy/0xaae1f51cf3339f18b6d3f3bdc75a5facd744b0b8.sol,True,409,119.26698803901672,True,True,False,Collect(uint256),/data/home/wangzexu/manticore_pro/manticore-0.3.0/examples/evm/reentrancy/0xaae1f51cf3339f18b6d3f3bdc75a5facd744b0b8.sol_DEP_BANK,118.00001859664917
reentrancy/0xb5e1b1ee15c6fa0e48fce100125569d430f1bd12.sol,True,195,107.76611065864563,True,True,False,CashOut(uint256),/data/home/wangzexu/manticore_pro/manticore-0.3.0/examples/evm/reentrancy/0xb5e1b1ee15c6fa0e48fce100125569d430f1bd12.sol_Private_Bank,106.49426555633545
reentrancy/0xb93430ce38ac4a6bb47fb1fc085ea669353fd89e.sol,True,211,109.84653973579407,True,False,False,CashOut(uint256),/data/home/wangzexu/manticore_pro/manticore-0.3.0/examples/evm/reentrancy/0xb93430ce38ac4a6bb47fb1fc085ea669353fd89e.sol_PrivateBank,108.56227397918701
reentrancy/0xbaf51e761510c1a11bf48dd87c0307ac8a8c8a4f.sol,True,195,105.7605938911438,True,True,False,CashOut(uint256),/data/home/wangzexu/manticore_pro/manticore-0.3.0/examples/evm/reentrancy/0xbaf51e761510c1a11bf48dd87c0307ac8a8c8a4f.sol_ETH_VAULT,104.51596403121948
reentrancy/0xbe4041d55db380c5ae9d4a9b9703f1ed4e7e3888.sol,True,529,130.99680089950562,True,True,False,Collect(uint256),/data/home/wangzexu/manticore_pro/manticore-0.3.0/examples/evm/reentrancy/0xbe4041d55db380c5ae9d4a9b9703f1ed4e7e3888.sol_MONEY_BOX,129.7153515815735
reentrancy/0xcead721ef5b11f1a7b530171aab69b16c5e66b6e.sol,True,210,99.00819230079651,True,True,False,Collect(uint256),/data/home/wangzexu/manticore_pro/manticore-0.3.0/examples/evm/reentrancy/0xcead721ef5b11f1a7b530171aab69b16c5e66b6e.sol_WALLET,97.7839126586914
reentrancy/0xf015c35649c82f5467c9c74b7f28ee67665aad68.sol,True,210,100.44166374206543,True,True,False,Collect(uint256),/data/home/wangzexu/manticore_pro/manticore-0.3.0/examples/evm/reentrancy/0xf015c35649c82f5467c9c74b7f28ee67665aad68.sol_MY_BANK,99.21017479896545
reentrancy/etherbank.sol,False,0,9.982292652130127,True,False,False,withdrawBalance(),/data/home/wangzexu/manticore_pro/manticore-0.3.0/examples/evm/mcore_qy82nt0d,8.802040815353394
reentrancy/etherstore.sol,False,0,0.8287856578826904,False,False,False,NO_1
reentrancy/modifier_reentrancy.sol,False,0,0.9336981773376465,False,False,False,NO_1
reentrancy/reentrance.sol,True,164,50.24157381057739,True,False,False,withdraw(uint256),/data/home/wangzexu/manticore_pro/manticore-0.3.0/examples/evm/reentrancy/reentrance.sol_Reentrance,49.00333523750305
reentrancy/reentrancy_bonus.sol,False,0,47.05068230628967,True,False,False,getFirstWithdrawalBonus(address),/data/home/wangzexu/manticore_pro/manticore-0.3.0/examples/evm/mcore_smp1_ev1,45.79659676551819
reentrancy/reentrancy_cross_function.sol,False,0,14.716645240783691,True,False,False,withdrawBalance(),/data/home/wangzexu/manticore_pro/manticore-0.3.0/examples/evm/mcore_g99c4wui,13.44384479522705
reentrancy/reentrancy_dao.sol,True,37,34.593868017196655,True,False,False,withdrawAll(),/data/home/wangzexu/manticore_pro/manticore-0.3.0/examples/evm/reentrancy/reentrancy_dao.sol_ReentrancyDAO,33.293094873428345
reentrancy/reentrancy_insecure.sol,False,0,0.8863849639892578,False,False,False,compile error!
reentrancy/reentrancy_simple.sol,True,63,57.63043403625488,True,False,False,withdrawBalance(),/data/home/wangzexu/manticore_pro/manticore-0.3.0/examples/evm/reentrancy/reentrancy_simple.sol_Reentrance,56.347445249557495
reentrancy/simple_dao.sol,True,141,108.15228390693665,True,False,False,withdraw(uint256),/data/home/wangzexu/manticore_pro/manticore-0.3.0/examples/evm/reentrancy/simple_dao.sol_SimpleDAO,106.88769149780273
reentrancy/0xf015c35649c82f5467c9c74b7f28ee67665aad68.sol,True,210,101.58718752861023,True,True,False,Collect(uint256),/data/home/wangzexu/manticore_pro/manticore-0.3.0/examples/evm/reentrancy/0xf015c35649c82f5467c9c74b7f28ee67665aad68.sol_MY_BANK,100.28657174110413
reentrancy/0x01f8c4e3fa3edeb29e514cba738d87ce8c091d3f.sol,True,330,108.54818320274353,True,True,False,Collect(uint256),/home/wangzexu/manticore_pro/manticore-0.3.0/examples/evm_reentrancy/reentrancy/0x01f8c4e3fa3edeb29e514cba738d87ce8c091d3f.sol_PERSONAL_BANK,107.01493430137634
0x96edbe868531bd23a6c05e9d0c424ea64fb1b78b.sol,True,376,161.7745759487152,True,True,False,Collect(uint256),/data/home/wangzexu/manticore_pro/manticore-0.3.0/examples/evm_reentrancy/0x96edbe868531bd23a6c05e9d0c424ea64fb1b78b.sol_PENNY_BY_PENNY,160.4598708152771
0x96edbe868531bd23a6c05e9d0c424ea64fb1b78b.sol,True,376,172.55353021621704,True,True,False,Collect(uint256),/data/home/wangzexu/manticore_pro/manticore-0.3.0/examples/evm_reentrancy/0x96edbe868531bd23a6c05e9d0c424ea64fb1b78b.sol_PENNY_BY_PENNY,171.28155851364136
0x96edbe868531bd23a6c05e9d0c424ea64fb1b78b.sol,True,206,104.08675217628479,True,True,False,Collect(uint256),/data/home/wangzexu/manticore_pro/manticore-0.3.0/examples/evm_reentrancy/0x96edbe868531bd23a6c05e9d0c424ea64fb1b78b.sol_PENNY_BY_PENNY,102.80170035362244
0x96edbe868531bd23a6c05e9d0c424ea64fb1b78b.sol,True,520,58.064412117004395,True,True,False,Collect(uint256),/home/wangzexu/manticore_pro/manticore-0.3.0/examples/evm_reentrancy/0x96edbe868531bd23a6c05e9d0c424ea64fb1b78b.sol_PENNY_BY_PENNY,56.82816004753113
0x96edbe868531bd23a6c05e9d0c424ea64fb1b78b.sol,True,520,77.06726336479187,True,True,False,Collect(uint256),/home/wangzexu/manticore_pro/manticore-0.3.0/examples/evm_reentrancy/0x96edbe868531bd23a6c05e9d0c424ea64fb1b78b.sol_PENNY_BY_PENNY,75.8029534816742
0x96edbe868531bd23a6c05e9d0c424ea64fb1b78b.sol,True,376,167.3071105480194,True,True,False,Collect(uint256),/data/home/wangzexu/manticore_pro/manticore-0.3.0/examples/evm_reentrancy/0x96edbe868531bd23a6c05e9d0c424ea64fb1b78b.sol_PENNY_BY_PENNY,166.056401014328
call_return.sol,False,0,0.8839895725250244,False,False,False,NO_1
call_return.sol,False,0,0.8060665130615234,False,False,False,NO_1
call_return.sol,False,0,0.8167271614074707,False,False,False,compile error!
call_return.sol,False,0,0.7964577674865723,False,False,False,compile error!
call_return.sol,True,376,144.69360184669495,True,True,False,Collect(uint256),/data/home/wangzexu/manticore_pro/manticore-0.3.0/examples/evm_reentrancy/call_return.sol_PENNY_BY_PENNY,143.47382831573486
----------------------------------------------------------------------------------------------------------------------------------
reentrancy_return/0x01f8c4e3fa3edeb29e514cba738d87ce8c091d3f.sol,True,268,128.8908531665802,True,True,False,Collect(uint256),/data/home/wangzexu/manticore_pro/manticore-0.3.0/examples/evm_reentrancy/reentrancy_return/0x01f8c4e3fa3edeb29e514cba738d87ce8c091d3f.sol_PERSONAL_BANK,127.64592409133911
reentrancy_return/0x23a91059fdc9579a9fbd0edc5f2ea0bfdb70deb4.sol,True,159,107.18379282951355,True,False,False,CashOut(uint256),/data/home/wangzexu/manticore_pro/manticore-0.3.0/examples/evm_reentrancy/reentrancy_return/0x23a91059fdc9579a9fbd0edc5f2ea0bfdb70deb4.sol_PrivateBank,105.92215275764465
reentrancy_return/0x4320e6f8c05b27ab4707cd1f6d5ce6f3e4b3a5a1.sol,True,268,131.87014365196228,True,True,False,Collect(uint256),/data/home/wangzexu/manticore_pro/manticore-0.3.0/examples/evm_reentrancy/reentrancy_return/0x4320e6f8c05b27ab4707cd1f6d5ce6f3e4b3a5a1.sol_ACCURAL_DEPOSIT,130.58140754699707
reentrancy_return/0x4e73b32ed6c35f570686b89848e5f39f20ecc106.sol,True,322,155.96086382865906,True,True,False,Collect(uint256),/data/home/wangzexu/manticore_pro/manticore-0.3.0/examples/evm_reentrancy/reentrancy_return/0x4e73b32ed6c35f570686b89848e5f39f20ecc106.sol_PRIVATE_ETH_CELL,154.76549625396729
reentrancy_return/0x561eac93c92360949ab1f1403323e6db345cbf31.sol,True,322,152.30984807014465,True,True,False,Collect(uint256),/data/home/wangzexu/manticore_pro/manticore-0.3.0/examples/evm_reentrancy/reentrancy_return/0x561eac93c92360949ab1f1403323e6db345cbf31.sol_BANK_SAFE,151.094624042511
reentrancy_return/0x627fa62ccbb1c1b04ffaecd72a53e37fc0e17839.sol,False,0,1.2709689140319824,True,True,True,"WithdrawToHolder(address,uint256)"
reentrancy_return/0x7541b76cb60f4c60af330c208b0623b7f54bf615.sol,False,0,84.52068495750427,True,True,False,Collect(uint256),/data/home/wangzexu/manticore_pro/manticore-0.3.0/examples/evm_reentrancy/mcore_7x1q9e2i,83.29140329360962
reentrancy_return/0x7a8721a9d64c74da899424c1b52acbf58ddc9782.sol,True,861,4482.240744352341,True,False,False,CashOut(uint256),/data/home/wangzexu/manticore_pro/manticore-0.3.0/examples/evm_reentrancy/reentrancy_return/0x7a8721a9d64c74da899424c1b52acbf58ddc9782.sol_PrivateDeposit,4481.038076162338
reentrancy_return/0x7b368c4e805c3870b6c49a3f1f49f69af8662cf3.sol,False,0,87.1212260723114,True,True,False,Collect(uint256),/data/home/wangzexu/manticore_pro/manticore-0.3.0/examples/evm_reentrancy/mcore_gmxarswj,85.84779596328735
reentrancy_return/0x8c7777c45481dba411450c228cb692ac3d550344.sol,True,147,100.2060878276825,True,True,False,CashOut(uint256),/data/home/wangzexu/manticore_pro/manticore-0.3.0/examples/evm_reentrancy/reentrancy_return/0x8c7777c45481dba411450c228cb692ac3d550344.sol_ETH_VAULT,98.96336841583252
reentrancy_return/0x93c32845fae42c83a70e5f06214c8433665c2ab5.sol,False,0,83.05092930793762,True,True,False,Collect(uint256),/data/home/wangzexu/manticore_pro/manticore-0.3.0/examples/evm_reentrancy/mcore_th3wd_3v,81.8054301738739
reentrancy_return/0x941d225236464a25eb18076df7da6a91d0f95e9e.sol,True,147,100.8447937965393,True,True,False,CashOut(uint256),/data/home/wangzexu/manticore_pro/manticore-0.3.0/examples/evm_reentrancy/reentrancy_return/0x941d225236464a25eb18076df7da6a91d0f95e9e.sol_ETH_FUND,99.61627173423767
reentrancy_return/0x96edbe868531bd23a6c05e9d0c424ea64fb1b78b.sol,True,376,167.3295283317566,True,True,False,Collect(uint256),/data/home/wangzexu/manticore_pro/manticore-0.3.0/examples/evm_reentrancy/reentrancy_return/0x96edbe868531bd23a6c05e9d0c424ea64fb1b78b.sol_PENNY_BY_PENNY,166.06079745292664
reentrancy_return/0xaae1f51cf3339f18b6d3f3bdc75a5facd744b0b8.sol,False,0,0.7961006164550781,False,False,False,compile error!
reentrancy_return/0xb5e1b1ee15c6fa0e48fce100125569d430f1bd12.sol,True,147,95.58043456077576,True,True,False,CashOut(uint256),/data/home/wangzexu/manticore_pro/manticore-0.3.0/examples/evm_reentrancy/reentrancy_return/0xb5e1b1ee15c6fa0e48fce100125569d430f1bd12.sol_Private_Bank,94.34417009353638
reentrancy_return/0xb93430ce38ac4a6bb47fb1fc085ea669353fd89e.sol,True,159,102.12464451789856,True,False,False,CashOut(uint256),/data/home/wangzexu/manticore_pro/manticore-0.3.0/examples/evm_reentrancy/reentrancy_return/0xb93430ce38ac4a6bb47fb1fc085ea669353fd89e.sol_PrivateBank,100.87712359428406
reentrancy_return/0xbaf51e761510c1a11bf48dd87c0307ac8a8c8a4f.sol,True,147,101.78095436096191,True,True,False,CashOut(uint256),/data/home/wangzexu/manticore_pro/manticore-0.3.0/examples/evm_reentrancy/reentrancy_return/0xbaf51e761510c1a11bf48dd87c0307ac8a8c8a4f.sol_ETH_VAULT,100.48915767669678
reentrancy_return/0xbe4041d55db380c5ae9d4a9b9703f1ed4e7e3888.sol,True,384,170.5343291759491,True,True,False,Collect(uint256),/data/home/wangzexu/manticore_pro/manticore-0.3.0/examples/evm_reentrancy/reentrancy_return/0xbe4041d55db380c5ae9d4a9b9703f1ed4e7e3888.sol_MONEY_BOX,169.25328588485718
reentrancy_return/0xcead721ef5b11f1a7b530171aab69b16c5e66b6e.sol,False,0,87.4167947769165,True,True,False,Collect(uint256),/data/home/wangzexu/manticore_pro/manticore-0.3.0/examples/evm_reentrancy/mcore_vj8kw0r7,86.19258260726929
reentrancy_return/0xf015c35649c82f5467c9c74b7f28ee67665aad68.sol,False,0,85.05283498764038,True,True,False,Collect(uint256),/data/home/wangzexu/manticore_pro/manticore-0.3.0/examples/evm_reentrancy/mcore_5q4t45uj,83.7678735256195
reentrancy_return/authorization.sol,False,0,0.8268945217132568,False,False,False,NO_1
reentrancy_return/etherbank.sol,True,69,38.50006127357483,True,False,False,withdrawBalance(),/data/home/wangzexu/manticore_pro/manticore-0.3.0/examples/evm_reentrancy/reentrancy_return/etherbank.sol_EtherBank,37.26724410057068
reentrancy_return/etherstore.sol,False,0,0.808147668838501,False,False,False,NO_1
reentrancy_return/exteranl_call.sol,False,0,0.840611457824707,False,False,False,compile error!
reentrancy_return/modifier_reentrancy.sol,False,0,0.8421528339385986,False,False,False,NO_1
reentrancy_return/reentrance.sol,True,164,153.6310257911682,True,False,False,withdraw(uint256),/data/home/wangzexu/manticore_pro/manticore-0.3.0/examples/evm_reentrancy/reentrancy_return/reentrance.sol_Reentrance,152.30468583106995
reentrancy_return/reentrancy_bonus.sol,False,0,104.26800894737244,True,False,False,getFirstWithdrawalBonus(address),/data/home/wangzexu/manticore_pro/manticore-0.3.0/examples/evm_reentrancy/mcore_w1pouz54,103.05531525611877
reentrancy_return/reentrancy_cross_function.sol,True,63,72.05936026573181,True,False,False,withdrawBalance(),/data/home/wangzexu/manticore_pro/manticore-0.3.0/examples/evm_reentrancy/reentrancy_return/reentrancy_cross_function.sol_Reentrancy_cross_function,70.88229417800903
reentrancy_return/reentrancy_dao.sol,True,37,54.24033713340759,True,False,False,withdrawAll(),/data/home/wangzexu/manticore_pro/manticore-0.3.0/examples/evm_reentrancy/reentrancy_return/reentrancy_dao.sol_ReentrancyDAO,53.046717405319214
reentrancy_return/reentrancy_insecure.sol,False,0,0.8831408023834229,False,False,False,compile error!
reentrancy_return/reentrancy_simple.sol,True,63,80.49543786048889,True,False,False,withdrawBalance(),/data/home/wangzexu/manticore_pro/manticore-0.3.0/examples/evm_reentrancy/reentrancy_return/reentrancy_simple.sol_Reentrance,79.26277709007263
reentrancy_return/simple_dao.sol,True,141,98.70097947120667,True,False,False,withdraw(uint256),/data/home/wangzexu/manticore_pro/manticore-0.3.0/examples/evm_reentrancy/reentrancy_return/simple_dao.sol_SimpleDAO,97.51275610923767

reentrancy_return/0x7541b76cb60f4c60af330c208b0623b7f54bf615.sol,True,210,159.92728209495544,True,True,False,Collect(uint256),/data/home/wangzexu/manticore_pro/manticore-0.3.0/examples/evm_reentrancy/reentrancy_return/0x7541b76cb60f4c60af330c208b0623b7f54bf615.sol_U_BANK,158.62705612182617
reentrancy_return/0x7b368c4e805c3870b6c49a3f1f49f69af8662cf3.sol,True,210,172.41065120697021,True,True,False,Collect(uint256),/data/home/wangzexu/manticore_pro/manticore-0.3.0/examples/evm_reentrancy/reentrancy_return/0x7b368c4e805c3870b6c49a3f1f49f69af8662cf3.sol_W_WALLET,171.09832239151
reentrancy_return/0x93c32845fae42c83a70e5f06214c8433665c2ab5.sol,True,210,160.84639811515808,True,True,False,Collect(uint256),/data/home/wangzexu/manticore_pro/manticore-0.3.0/examples/evm_reentrancy/reentrancy_return/0x93c32845fae42c83a70e5f06214c8433665c2ab5.sol_X_WALLET,159.5675253868103
reentrancy_return/0xaae1f51cf3339f18b6d3f3bdc75a5facd744b0b8.sol,False,0,133.95248675346375,True,True,False,Collect(uint256),/data/home/wangzexu/manticore_pro/manticore-0.3.0/examples/evm_reentrancy/mcore_dtbdsg3z,132.69609594345093
reentrancy_return/0x7541b76cb60f4c60af330c208b0623b7f54bf615.sol,False,0,85.11903738975525,True,True,False,Collect(uint256),/data/home/wangzexu/manticore_pro/manticore-0.3.0/examples/evm_reentrancy/mcore_zfgif8ec,83.80660319328308
reentrancy_return/0x7541b76cb60f4c60af330c208b0623b7f54bf615.sol,False,0,91.85353326797485,True,True,False,Collect(uint256),/data/home/wangzexu/manticore_pro/manticore-0.3.0/examples/evm_reentrancy/mcore_bortr93g,90.5576663017273
reentrancy_return/0x7541b76cb60f4c60af330c208b0623b7f54bf615.sol,False,0,82.31994986534119,True,True,False,Collect(uint256),/data/home/wangzexu/manticore_pro/manticore-0.3.0/examples/evm_reentrancy/mcore_ubvpmqq2,80.98804116249084
reentrancy_return/0x7541b76cb60f4c60af330c208b0623b7f54bf615.sol,False,0,85.01874279975891,True,True,False,Collect(uint256),/data/home/wangzexu/manticore_pro/manticore-0.3.0/examples/evm_reentrancy/mcore_fvj7gy99,83.72867155075073
reentrancy_return/0x7541b76cb60f4c60af330c208b0623b7f54bf615.sol,False,0,83.34624457359314,True,True,False,Collect(uint256),/data/home/wangzexu/manticore_pro/manticore-0.3.0/examples/evm_reentrancy/mcore_3ilb5si1,82.01681804656982
reentrancy_return/0xaae1f51cf3339f18b6d3f3bdc75a5facd744b0b8.sol,False,0,39.24527335166931,True,True,False,Collect(uint256),/data/home/wangzexu/manticore_pro/manticore-0.3.0/examples/evm_reentrancy/mcore_sk08hiw5,37.98778486251831
reentrancy_return/0xaae1f51cf3339f18b6d3f3bdc75a5facd744b0b8.sol,False,0,132.64307761192322,True,True,False,Collect(uint256),/data/home/wangzexu/manticore_pro/manticore-0.3.0/examples/evm_reentrancy/mcore_z0sefhr6,131.36170315742493
reentrancy_return/0xaae1f51cf3339f18b6d3f3bdc75a5facd744b0b8.sol,False,0,38.91101598739624,True,True,False,Collect(uint256),/data/home/wangzexu/manticore_pro/manticore-0.3.0/examples/evm_reentrancy/mcore_ys7wbkz7,37.59459185600281
reentrancy_return/0x7541b76cb60f4c60af330c208b0623b7f54bf615.sol,False,0,83.24881863594055,True,True,False,Collect(uint256),/data/home/wangzexu/manticore_pro/manticore-0.3.0/examples/evm_reentrancy/mcore_r527sris,81.9662914276123
reentrancy_return/0xaae1f51cf3339f18b6d3f3bdc75a5facd744b0b8.sol,False,0,133.9617087841034,True,True,False,Collect(uint256),/data/home/wangzexu/manticore_pro/manticore-0.3.0/examples/evm_reentrancy/mcore_ma3xqgl4,132.67807006835938
reentrancy_return/0x7541b76cb60f4c60af330c208b0623b7f54bf615.sol,False,0,83.0098328590393,True,True,False,Collect(uint256),/data/home/wangzexu/manticore_pro/manticore-0.3.0/examples/evm_reentrancy/mcore_r7csoebv,81.68107676506042
reentrancy_return/0xaae1f51cf3339f18b6d3f3bdc75a5facd744b0b8.sol,False,0,41.13284683227539,True,True,False,Collect(uint256),/data/home/wangzexu/manticore_pro/manticore-0.3.0/examples/evm_reentrancy/mcore_06jiw37c,39.83716607093811
reentrancy_return/0xaae1f51cf3339f18b6d3f3bdc75a5facd744b0b8.sol,True,286,139.86827301979065,True,True,False,Collect(uint256),/data/home/wangzexu/manticore_pro/manticore-0.3.0/examples/evm_reentrancy/reentrancy_return/0xaae1f51cf3339f18b6d3f3bdc75a5facd744b0b8.sol_DEP_BANK,138.58087062835693
reentrancy_return/0x7541b76cb60f4c60af330c208b0623b7f54bf615.sol,False,0,87.29193639755249,True,True,False,Collect(uint256),/data/home/wangzexu/manticore_pro/manticore-0.3.0/examples/evm_reentrancy/mcore_siy7fot2,85.96567821502686
reentrancy_return/0x7541b76cb60f4c60af330c208b0623b7f54bf615.sol,False,0,83.68185186386108,True,True,False,Collect(uint256),/data/home/wangzexu/manticore_pro/manticore-0.3.0/examples/evm_reentrancy/mcore_33rs0xm6,82.43003749847412
reentrancy_return/0x7541b76cb60f4c60af330c208b0623b7f54bf615.sol,False,0,8.107228994369507,True,True,False,Collect(uint256),/data/home/wangzexu/manticore_pro/manticore-0.3.0/examples/evm_reentrancy/mcore_1ict4gzv,6.842069864273071
reentrancy_return/0x7541b76cb60f4c60af330c208b0623b7f54bf615.sol,False,0,83.4660210609436,True,True,False,Collect(uint256),/data/home/wangzexu/manticore_pro/manticore-0.3.0/examples/evm_reentrancy/mcore_m2twzv4q,82.18161129951477
reentrancy_return/0x7541b76cb60f4c60af330c208b0623b7f54bf615.sol,False,0,277.5128080844879,True,True,False,Collect(uint256),/data/home/wangzexu/manticore_pro/manticore-0.3.0/examples/evm_reentrancy/mcore_hqq8cmlj,276.31776452064514
reentrancy_return/0xaae1f51cf3339f18b6d3f3bdc75a5facd744b0b8.sol,False,0,131.99715542793274,True,True,False,Collect(uint256),/data/home/wangzexu/manticore_pro/manticore-0.3.0/examples/evm_reentrancy/mcore_7bpueb0p,130.71231055259705
reentrancy_return/0xaae1f51cf3339f18b6d3f3bdc75a5facd744b0b8.sol,True,284,130.49129724502563,True,True,False,Collect(uint256),/data/home/wangzexu/manticore_pro/manticore-0.3.0/examples/evm_reentrancy/reentrancy_return/0xaae1f51cf3339f18b6d3f3bdc75a5facd744b0b8.sol_DEP_BANK,129.29605650901794
reentrancy_return/0x7541b76cb60f4c60af330c208b0623b7f54bf615.sol,True,210,94.35830163955688,True,True,False,Collect(uint256),/home/wangzexu/manticore_pro/manticore-0.3.0/examples/evm_reentrancy/reentrancy_return/0x7541b76cb60f4c60af330c208b0623b7f54bf615.sol_U_BANK,93.09609174728394
reentrancy_return/0x7541b76cb60f4c60af330c208b0623b7f54bf615.sol,False,0,79.65025782585144,True,True,False,Collect(uint256),/data/home/wangzexu/manticore_pro/manticore-0.3.0/examples/evm_reentrancy/mcore_f0x6nif2,78.36848902702332
reentrancy_return/0x7541b76cb60f4c60af330c208b0623b7f54bf615.sol,False,0,29.129095792770386,True,True,False,Collect(uint256),/data/home/wangzexu/manticore_pro/manticore-0.3.0/examples/evm_reentrancy/mcore_j49d_ik4,27.85557246208191


20221127
--------------------------------------------------------------------------------
reentrancy_return/0x01f8c4e3fa3edeb29e514cba738d87ce8c091d3f.sol,True,330,107.5817003250122,True,True,False,Collect(uint256),/data/home/wangzexu/manticore_pro/manticore-0.3.0/examples/evm_reentrancy/reentrancy_return/0x01f8c4e3fa3edeb29e514cba738d87ce8c091d3f.sol_PERSONAL_BANK,106.32287502288818
reentrancy_return/0x23a91059fdc9579a9fbd0edc5f2ea0bfdb70deb4.sol,True,211,98.95425701141357,True,False,False,CashOut(uint256),/data/home/wangzexu/manticore_pro/manticore-0.3.0/examples/evm_reentrancy/reentrancy_return/0x23a91059fdc9579a9fbd0edc5f2ea0bfdb70deb4.sol_PrivateBank,97.73713970184326
reentrancy_return/0x4320e6f8c05b27ab4707cd1f6d5ce6f3e4b3a5a1.sol,True,330,106.8408591747284,True,True,False,Collect(uint256),/data/home/wangzexu/manticore_pro/manticore-0.3.0/examples/evm_reentrancy/reentrancy_return/0x4320e6f8c05b27ab4707cd1f6d5ce6f3e4b3a5a1.sol_ACCURAL_DEPOSIT,105.5695538520813
reentrancy_return/0x4e73b32ed6c35f570686b89848e5f39f20ecc106.sol,True,409,114.55053424835205,True,True,False,Collect(uint256),/data/home/wangzexu/manticore_pro/manticore-0.3.0/examples/evm_reentrancy/reentrancy_return/0x4e73b32ed6c35f570686b89848e5f39f20ecc106.sol_PRIVATE_ETH_CELL,113.3155505657196
reentrancy_return/0x561eac93c92360949ab1f1403323e6db345cbf31.sol,True,409,111.17181921005249,True,True,False,Collect(uint256),/data/home/wangzexu/manticore_pro/manticore-0.3.0/examples/evm_reentrancy/reentrancy_return/0x561eac93c92360949ab1f1403323e6db345cbf31.sol_BANK_SAFE,109.89470434188843
reentrancy_return/0x627fa62ccbb1c1b04ffaecd72a53e37fc0e17839.sol,False,0,1.259289026260376,True,True,True,"WithdrawToHolder(address,uint256)"
reentrancy_return/0x7541b76cb60f4c60af330c208b0623b7f54bf615.sol,True,210,92.37620973587036,True,True,False,Collect(uint256),/data/home/wangzexu/manticore_pro/manticore-0.3.0/examples/evm_reentrancy/reentrancy_return/0x7541b76cb60f4c60af330c208b0623b7f54bf615.sol_U_BANK,91.10095071792603
reentrancy_return/0x7a8721a9d64c74da899424c1b52acbf58ddc9782.sol,True,310,133.77077388763428,True,False,False,CashOut(uint256),/data/home/wangzexu/manticore_pro/manticore-0.3.0/examples/evm_reentrancy/reentrancy_return/0x7a8721a9d64c74da899424c1b52acbf58ddc9782.sol_PrivateDeposit,132.482403755188
reentrancy_return/0x7b368c4e805c3870b6c49a3f1f49f69af8662cf3.sol,True,210,98.11327171325684,True,True,False,Collect(uint256),/data/home/wangzexu/manticore_pro/manticore-0.3.0/examples/evm_reentrancy/reentrancy_return/0x7b368c4e805c3870b6c49a3f1f49f69af8662cf3.sol_W_WALLET,96.81863212585449
reentrancy_return/0x8c7777c45481dba411450c228cb692ac3d550344.sol,True,195,103.97792840003967,True,True,False,CashOut(uint256),/data/home/wangzexu/manticore_pro/manticore-0.3.0/examples/evm_reentrancy/reentrancy_return/0x8c7777c45481dba411450c228cb692ac3d550344.sol_ETH_VAULT,102.70384454727173
reentrancy_return/0x93c32845fae42c83a70e5f06214c8433665c2ab5.sol,True,210,92.0615394115448,True,True,False,Collect(uint256),/data/home/wangzexu/manticore_pro/manticore-0.3.0/examples/evm_reentrancy/reentrancy_return/0x93c32845fae42c83a70e5f06214c8433665c2ab5.sol_X_WALLET,90.7024781703949
reentrancy_return/0x941d225236464a25eb18076df7da6a91d0f95e9e.sol,True,195,102.55974006652832,True,True,False,CashOut(uint256),/data/home/wangzexu/manticore_pro/manticore-0.3.0/examples/evm_reentrancy/reentrancy_return/0x941d225236464a25eb18076df7da6a91d0f95e9e.sol_ETH_FUND,101.28143501281738
reentrancy_return/0x96edbe868531bd23a6c05e9d0c424ea64fb1b78b.sol,True,520,75.579092502594,True,True,False,Collect(uint256),/data/home/wangzexu/manticore_pro/manticore-0.3.0/examples/evm_reentrancy/reentrancy_return/0x96edbe868531bd23a6c05e9d0c424ea64fb1b78b.sol_PENNY_BY_PENNY,74.29012608528137
reentrancy_return/0xaae1f51cf3339f18b6d3f3bdc75a5facd744b0b8.sol,True,284,142.50145554542542,True,True,False,Collect(uint256),/data/home/wangzexu/manticore_pro/manticore-0.3.0/examples/evm_reentrancy/reentrancy_return/0xaae1f51cf3339f18b6d3f3bdc75a5facd744b0b8.sol_DEP_BANK,141.2264440059662
reentrancy_return/0xb5e1b1ee15c6fa0e48fce100125569d430f1bd12.sol,True,195,108.76017928123474,True,True,False,CashOut(uint256),/data/home/wangzexu/manticore_pro/manticore-0.3.0/examples/evm_reentrancy/reentrancy_return/0xb5e1b1ee15c6fa0e48fce100125569d430f1bd12.sol_Private_Bank,107.4631826877594
reentrancy_return/0xb93430ce38ac4a6bb47fb1fc085ea669353fd89e.sol,True,211,102.9113700389862,True,False,False,CashOut(uint256),/data/home/wangzexu/manticore_pro/manticore-0.3.0/examples/evm_reentrancy/reentrancy_return/0xb93430ce38ac4a6bb47fb1fc085ea669353fd89e.sol_PrivateBank,101.67963886260986
reentrancy_return/0xbaf51e761510c1a11bf48dd87c0307ac8a8c8a4f.sol,True,195,102.20328187942505,True,True,False,CashOut(uint256),/data/home/wangzexu/manticore_pro/manticore-0.3.0/examples/evm_reentrancy/reentrancy_return/0xbaf51e761510c1a11bf48dd87c0307ac8a8c8a4f.sol_ETH_VAULT,100.95626401901245
reentrancy_return/0xbe4041d55db380c5ae9d4a9b9703f1ed4e7e3888.sol,True,529,114.10350060462952,True,True,False,Collect(uint256),/data/home/wangzexu/manticore_pro/manticore-0.3.0/examples/evm_reentrancy/reentrancy_return/0xbe4041d55db380c5ae9d4a9b9703f1ed4e7e3888.sol_MONEY_BOX,112.75613379478455
reentrancy_return/0xcead721ef5b11f1a7b530171aab69b16c5e66b6e.sol,True,210,94.07572937011719,True,True,False,Collect(uint256),/data/home/wangzexu/manticore_pro/manticore-0.3.0/examples/evm_reentrancy/reentrancy_return/0xcead721ef5b11f1a7b530171aab69b16c5e66b6e.sol_WALLET,92.8720428943634
reentrancy_return/0xf015c35649c82f5467c9c74b7f28ee67665aad68.sol,True,210,97.51302909851074,True,True,False,Collect(uint256),/data/home/wangzexu/manticore_pro/manticore-0.3.0/examples/evm_reentrancy/reentrancy_return/0xf015c35649c82f5467c9c74b7f28ee67665aad68.sol_MY_BANK,96.20378088951111
reentrancy_return/authorization.sol,False,0,0.8947770595550537,False,False,False,NO_1
reentrancy_return/etherbank.sol,False,0,9.304105520248413,True,False,False,withdrawBalance(),/data/home/wangzexu/manticore_pro/manticore-0.3.0/examples/evm_reentrancy/mcore_tm4z6pwk,7.976796627044678
reentrancy_return/etherstore.sol,False,0,0.8635332584381104,False,False,False,NO_1
reentrancy_return/exteranl_call.sol,False,0,0.8637104034423828,False,False,False,compile error!
reentrancy_return/modifier_reentrancy.sol,False,0,0.8219633102416992,False,False,False,NO_1
reentrancy_return/reentrance.sol,True,164,103.35523271560669,True,False,False,withdraw(uint256),/data/home/wangzexu/manticore_pro/manticore-0.3.0/examples/evm_reentrancy/reentrancy_return/reentrance.sol_Reentrance,102.03437161445618
reentrancy_return/reentrancy_bonus.sol,False,0,41.444501876831055,True,False,False,getFirstWithdrawalBonus(address),/data/home/wangzexu/manticore_pro/manticore-0.3.0/examples/evm_reentrancy/mcore_0dijoaoo,40.12621736526489
reentrancy_return/reentrancy_cross_function.sol,False,0,14.288770914077759,True,False,False,withdrawBalance(),/data/home/wangzexu/manticore_pro/manticore-0.3.0/examples/evm_reentrancy/mcore_x9ikar70,13.086904525756836
reentrancy_return/reentrancy_dao.sol,True,37,33.395185708999634,True,False,False,withdrawAll(),/data/home/wangzexu/manticore_pro/manticore-0.3.0/examples/evm_reentrancy/reentrancy_return/reentrancy_dao.sol_ReentrancyDAO,32.16149353981018
reentrancy_return/reentrancy_insecure.sol,False,0,0.8579549789428711,False,False,False,compile error!
reentrancy_return/reentrancy_simple.sol,True,63,55.73161458969116,True,False,False,withdrawBalance(),/data/home/wangzexu/manticore_pro/manticore-0.3.0/examples/evm_reentrancy/reentrancy_return/reentrancy_simple.sol_Reentrance,54.55205249786377
reentrancy_return/simple_dao.sol,True,141,96.50776886940002,True,False,False,withdraw(uint256),/data/home/wangzexu/manticore_pro/manticore-0.3.0/examples/evm_reentrancy/reentrancy_return/simple_dao.sol_SimpleDAO,95.29768967628479
reentrancy/0xaae1f51cf3339f18b6d3f3bdc75a5facd744b0b8.sol,False,0,135.7742624282837,False,False,False,compile error!
reentrancy/0xaae1f51cf3339f18b6d3f3bdc75a5facd744b0b8.sol,False,0,257.3356056213379,False,False,False,NO_1
reentrancy/0xaae1f51cf3339f18b6d3f3bdc75a5facd744b0b8.sol,False,0,2.9340851306915283,False,False,False,NO_1
reentrancy/0xaae1f51cf3339f18b6d3f3bdc75a5facd744b0b8.sol,False,0,1.2480802536010742,False,False,False,compile error!
reentrancy/0xaae1f51cf3339f18b6d3f3bdc75a5facd744b0b8.sol,False,0,1.2539279460906982,False,False,False,compile error!
reentrancy/0xaae1f51cf3339f18b6d3f3bdc75a5facd744b0b8.sol,False,0,1.291574239730835,False,False,False,NO_1
call_return.sol,True,376,140.11901211738586,True,True,False,Collect(uint256),/home/wangzexu/manticore_pro/manticore-0.3.0/examples/evm_reentrancy/call_return.sol_PENNY_BY_PENNY,138.3696916103363
call_return.sol,True,376,135.34571027755737,True,True,False,Collect(uint256),/home/wangzexu/manticore_pro/manticore-0.3.0/examples/evm_reentrancy/call_return.sol_PENNY_BY_PENNY,133.8153531551361
call_return.sol,True,362,138.11818265914917,True,True,False,Collect(uint256),/home/wangzexu/manticore_pro/manticore-0.3.0/examples/evm_reentrancy/call_return.sol_PENNY_BY_PENNY,136.28392338752747
call_return.sol,True,362,139.7860369682312,True,True,False,Collect(uint256),/home/wangzexu/manticore_pro/manticore-0.3.0/examples/evm_reentrancy/call_return.sol_PENNY_BY_PENNY,136.42846369743347
0x96edbe868531bd23a6c05e9d0c424ea64fb1b78b.sol,True,498,110.37517857551575,True,True,False,Collect(uint256),/home/wangzexu/manticore_pro/manticore-0.3.0/examples/evm_reentrancy/0x96edbe868531bd23a6c05e9d0c424ea64fb1b78b.sol_PENNY_BY_PENNY,108.76325702667236
0x96edbe868531bd23a6c05e9d0c424ea64fb1b78b.sol,True,520,75.4934229850769,True,True,False,Collect(uint256),/home/wangzexu/manticore_pro/manticore-0.3.0/examples/evm_reentrancy/0x96edbe868531bd23a6c05e9d0c424ea64fb1b78b.sol_PENNY_BY_PENNY,73.38643431663513
call_return.sol,True,376,204.7441747188568,True,True,False,Collect(uint256),/home/wangzexu/manticore_pro/manticore-0.3.0/examples/evm_reentrancy/call_return.sol_PENNY_BY_PENNY,138.27552151679993
call_return.sol,True,362,203.78238105773926,True,True,False,Collect(uint256),/home/wangzexu/manticore_pro/manticore-0.3.0/examples/evm_reentrancy/call_return.sol_PENNY_BY_PENNY,137.77998757362366
call_return.sol,True,362,144.17547416687012,True,True,False,Collect(uint256),/home/wangzexu/manticore_pro/manticore-0.3.0/examples/evm_reentrancy/call_return.sol_PENNY_BY_PENNY,142.56378149986267
call_return.sol,True,362,141.379802942276,True,True,False,Collect(uint256),/home/wangzexu/manticore_pro/manticore-0.3.0/examples/evm_reentrancy/call_return.sol_PENNY_BY_PENNY,139.1423692703247
call_return.sol,True,362,140.16878581047058,True,True,False,Collect(uint256),/home/wangzexu/manticore_pro/manticore-0.3.0/examples/evm_reentrancy/call_return.sol_PENNY_BY_PENNY,136.4943504333496
call_return.sol,True,376,137.87447667121887,True,True,False,Collect(uint256),/home/wangzexu/manticore_pro/manticore-0.3.0/examples/evm_reentrancy/call_return.sol_PENNY_BY_PENNY,136.2098171710968
call_return.sol,True,376,140.62156701087952,True,True,False,Collect(uint256),/home/wangzexu/manticore_pro/manticore-0.3.0/examples/evm_reentrancy/call_return.sol_PENNY_BY_PENNY,138.97586750984192
call_return.sol,True,376,133.7447988986969,True,True,False,Collect(uint256),/home/wangzexu/manticore_pro/manticore-0.3.0/examples/evm_reentrancy/call_return.sol_PENNY_BY_PENNY,131.1894714832306
call_return.sol,True,362,157.7337453365326,True,True,False,Collect(uint256),/home/wangzexu/manticore_pro/manticore-0.3.0/examples/evm_reentrancy/call_return.sol_PENNY_BY_PENNY,155.5004906654358
call_return.sol,True,362,136.1824073791504,True,True,False,Collect(uint256),/home/wangzexu/manticore_pro/manticore-0.3.0/examples/evm_reentrancy/call_return.sol_PENNY_BY_PENNY,134.52234411239624
0x96edbe868531bd23a6c05e9d0c424ea64fb1b78b.sol,True,498,129.74622678756714,True,True,False,Collect(uint256),/home/wangzexu/manticore_pro/manticore-0.3.0/examples/evm_reentrancy/0x96edbe868531bd23a6c05e9d0c424ea64fb1b78b.sol_PENNY_BY_PENNY,127.4007658958435
0x96edbe868531bd23a6c05e9d0c424ea64fb1b78b.sol,True,520,81.26123237609863,True,True,False,Collect(uint256),/home/wangzexu/manticore_pro/manticore-0.3.0/examples/evm_reentrancy/0x96edbe868531bd23a6c05e9d0c424ea64fb1b78b.sol_PENNY_BY_PENNY,78.21882367134094
0x96edbe868531bd23a6c05e9d0c424ea64fb1b78b.sol,True,344,42.67307949066162,True,True,False,Collect(uint256),/home/wangzexu/manticore_pro/manticore-0.3.0/examples/evm_reentrancy/0x96edbe868531bd23a6c05e9d0c424ea64fb1b78b.sol_PENNY_BY_PENNY,40.986337661743164
call_return.sol,True,234,138.67076659202576,True,True,False,Collect(uint256),/home/wangzexu/manticore_pro/manticore-0.3.0/examples/evm_reentrancy/call_return.sol_PENNY_BY_PENNY,136.91986799240112
reentrancy/0xaae1f51cf3339f18b6d3f3bdc75a5facd744b0b8.sol,False,0,66.67006134986877,False,False,False,compile error!
reentrancy/0xaae1f51cf3339f18b6d3f3bdc75a5facd744b0b8.sol,False,0,1.2644999027252197,False,False,False,compile error!
reentrancy/0xaae1f51cf3339f18b6d3f3bdc75a5facd744b0b8.sol,False,0,1.2518138885498047,False,False,False,NO_1
reentrancy/0x96edbe868531bd23a6c05e9d0c424ea64fb1b78b.sol,True,344,43.18268632888794,True,True,False,Collect(uint256),/home/wangzexu/manticore_pro/manticore-0.3.0/examples/evm_reentrancy/reentrancy/0x96edbe868531bd23a6c05e9d0c424ea64fb1b78b.sol_PENNY_BY_PENNY,41.55559206008911
call_return.sol,False,0,154.48192811012268,True,True,False,Collect(uint256),/mnt/d/work/ubuntu_18_work/manticore_pro/manticore-0.3.0/examples/evm_reentrancy/mcore_fokrphzo,152.2536816596985
call_return.sol,False,0,146.60719299316406,True,True,False,Collect(uint256),/mnt/d/work/ubuntu_18_work/manticore_pro/manticore-0.3.0/examples/evm_reentrancy/mcore_0bkhbaqz,144.44915866851807
call_return.sol,False,0,153.68428945541382,True,True,False,Collect(uint256),/mnt/d/work/ubuntu_18_work/manticore_pro/manticore-0.3.0/examples/evm_reentrancy/mcore_rg24j6gd,147.08422088623047
call_return.sol,True,234,212.20561385154724,True,True,False,Collect(uint256),/mnt/d/work/ubuntu_18_work/manticore_pro/manticore-0.3.0/examples/evm_reentrancy/call_return.sol_PENNY_BY_PENNY,166.96110916137695
0x96edbe868531bd23a6c05e9d0c424ea64fb1b78b.sol,False,0,37.36425757408142,True,True,False,Collect(uint256),/mnt/d/work/ubuntu_18_work/manticore_pro/manticore-0.3.0/examples/evm_reentrancy/mcore_6wmx_o08,32.24837827682495
0x96edbe868531bd23a6c05e9d0c424ea64fb1b78b.sol,False,0,64.65099811553955,True,True,False,Collect(uint256),/mnt/d/work/ubuntu_18_work/manticore_pro/manticore-0.3.0/examples/evm_reentrancy/mcore_6oyi0wvo,31.867709636688232
0x96edbe868531bd23a6c05e9d0c424ea64fb1b78b.sol,False,0,38.25494337081909,True,True,False,Collect(uint256),/mnt/d/work/ubuntu_18_work/manticore_pro/manticore-0.3.0/examples/evm_reentrancy/mcore_juucm77g,32.59389638900757
0x96edbe868531bd23a6c05e9d0c424ea64fb1b78b.sol,False,0,149.27816820144653,True,True,False,Collect(uint256),/mnt/d/work/ubuntu_18_work/manticore_pro/manticore-0.3.0/examples/evm_reentrancy/mcore_qav5yb4p,14.186136484146118
0x96edbe868531bd23a6c05e9d0c424ea64fb1b78b.sol,False,0,184.77538633346558,True,True,False,Collect(uint256),/mnt/d/work/ubuntu_18_work/manticore_pro/manticore-0.3.0/examples/evm_reentrancy/mcore_cxuw02_k,180.3762171268463
0x96edbe868531bd23a6c05e9d0c424ea64fb1b78b.sol,True,234,174.78929924964905,True,True,False,Collect(uint256),/mnt/d/work/ubuntu_18_work/manticore_pro/manticore-0.3.0/examples/evm_reentrancy/0x96edbe868531bd23a6c05e9d0c424ea64fb1b78b.sol_PENNY_BY_PENNY,170.0301811695099
0x96edbe868531bd23a6c05e9d0c424ea64fb1b78b.sol,True,234,171.0837686061859,True,True,False,Collect(uint256),/mnt/d/work/ubuntu_18_work/manticore_pro/manticore-0.3.0/examples/evm_reentrancy/0x96edbe868531bd23a6c05e9d0c424ea64fb1b78b.sol_PENNY_BY_PENNY,157.37317061424255
call_return.sol,True,234,157.20590376853943,True,True,False,Collect(uint256),/mnt/d/work/ubuntu_18_work/manticore_pro/manticore-0.3.0/examples/evm_reentrancy/call_return.sol_PENNY_BY_PENNY,144.18931412696838
RE1_Test2.sol,False,0,12.677027463912964,False,False,False,NO_1
RE1_Test2.sol,False,0,12.7742280960083,False,False,False,NO_1
RE1_Test2.sol,False,0,12.834062337875366,False,False,False,NO_1
RE1_Test2.sol,False,0,13.030147790908813,False,False,False,compile error!
RE1_Test2.sol,False,0,12.708858013153076,False,False,False,NO_1
RE1_Test2.sol,False,0,12.824322700500488,False,False,False,NO_1
RE1_Test2.sol,False,0,12.818649768829346,False,False,False,NO_1
RE1_Test2.sol,False,0,12.763562679290771,False,False,False,NO_1
RE1_Test2.sol,False,0,12.730303525924683,False,False,False,NO_1
RE1_Test2.sol,False,0,22.734002113342285,True,False,False,"transferMoney(Test1,address)",/mnt/d/work/ubuntu_18_work/manticore_pro/manticore-0.3.0/examples/evm_reentrancy/mcore_4lv_ag5i,9.636209964752197
RE1_Test2.sol,False,0,22.119260787963867,True,True,False,"transferMoney(Test1,address)",/mnt/d/work/ubuntu_18_work/manticore_pro/manticore-0.3.0/examples/evm_reentrancy/mcore_kf8nsyo3,9.179530382156372
RE1_Test2.sol,False,0,22.512894868850708,True,True,False,"transferMoney(Test1,address)",/mnt/d/work/ubuntu_18_work/manticore_pro/manticore-0.3.0/examples/evm_reentrancy/mcore_kc_ud3_v,9.366997718811035
RE1_Test2.sol,False,0,21.967543363571167,True,True,False,"transferMoney(Test1,address)",/mnt/d/work/ubuntu_18_work/manticore_pro/manticore-0.3.0/examples/evm_reentrancy/mcore_vbf2dedv,9.216025590896606
RE1_Test2.sol,False,0,22.023508548736572,True,True,False,"transferMoney(Test1,address)",/mnt/d/work/ubuntu_18_work/manticore_pro/manticore-0.3.0/examples/evm_reentrancy/mcore_lz73umno,9.139101505279541
RE1_Test2.sol,False,0,22.340746641159058,True,True,False,"transferMoney(Test1,address)",/mnt/d/work/ubuntu_18_work/manticore_pro/manticore-0.3.0/examples/evm_reentrancy/mcore_3f4t205d,9.562556505203247
RE1_Test2.sol,False,0,22.245877504348755,True,True,False,"transferMoney(Test1,address)",/mnt/d/work/ubuntu_18_work/manticore_pro/manticore-0.3.0/examples/evm_reentrancy/mcore_sg3_vede,9.504674673080444
RE1_Test2.sol,False,0,22.260620594024658,True,True,False,"transferMoney(Test1,address)",/mnt/d/work/ubuntu_18_work/manticore_pro/manticore-0.3.0/examples/evm_reentrancy/mcore_rlcupt88,9.39344596862793
RE1_Test2.sol,False,0,22.25864863395691,True,True,False,"transferMoney(Test1,address)",/mnt/d/work/ubuntu_18_work/manticore_pro/manticore-0.3.0/examples/evm_reentrancy/mcore_kz06vfhs,9.062617301940918
RE1_Test2.sol,False,0,22.041013717651367,True,True,False,"transferMoney(Test1,address)",/mnt/d/work/ubuntu_18_work/manticore_pro/manticore-0.3.0/examples/evm_reentrancy/mcore_72r53i73,9.35673189163208
RE1_Test2.sol,False,0,22.707698822021484,True,True,False,"transferMoney(Test1,address)",/mnt/d/work/ubuntu_18_work/manticore_pro/manticore-0.3.0/examples/evm_reentrancy/mcore_aptcm9as,9.705484628677368
RE1_Test2.sol,False,0,31.20770025253296,True,True,False,"transferMoney(Test1,address)",/mnt/d/work/ubuntu_18_work/manticore_pro/manticore-0.3.0/examples/evm_reentrancy/mcore_q1m1nx72,18.39918327331543
RE1_Test2.sol,False,0,30.654370069503784,True,True,False,"transferMoney(Test1,address)",/mnt/d/work/ubuntu_18_work/manticore_pro/manticore-0.3.0/examples/evm_reentrancy/mcore_zkovmmqe,17.85788655281067
RE1_Test2.sol,False,0,31.799545526504517,True,True,False,"transferMoney(Test1,address)",/mnt/d/work/ubuntu_18_work/manticore_pro/manticore-0.3.0/examples/evm_reentrancy/mcore_44c1zz71,18.946285009384155
RE1_Test2.sol,False,0,30.514492511749268,True,True,False,"transferMoney(Test1,address)",/mnt/d/work/ubuntu_18_work/manticore_pro/manticore-0.3.0/examples/evm_reentrancy/mcore_r5birl7l,17.47451686859131
RE1_Test2.sol,False,0,28.828388929367065,True,True,False,"transferMoney(Test1,address)",/mnt/d/work/ubuntu_18_work/manticore_pro/manticore-0.3.0/examples/evm_reentrancy/mcore__qr8zym5,15.684602499008179
RE1_Test2.sol,False,0,84.00418877601624,True,True,False,"transferMoney(Test1,address)",/mnt/d/work/ubuntu_18_work/manticore_pro/manticore-0.3.0/examples/evm_reentrancy/mcore_186ywhf_,20.544798612594604
RE1_Test2.sol,False,0,28.409316539764404,True,True,False,"transferMoney(Test1,address,uint256)",/mnt/d/work/ubuntu_18_work/manticore_pro/manticore-0.3.0/examples/evm_reentrancy/mcore__8tsx9nd,22.995418071746826
0x0d0edbcf2c0da25ac9a79c9466989e46a8f96221_1.sol,False,0,4.724197149276733,False,False,False,NO_1
RE/0x7541b76cb60f4c60af330c208b0623b7f54bf615_UBANK.sol,False,0,101.32125735282898,True,True,False,Collect(uint256),/mnt/d/work/ubuntu_18_work/manticore_pro/manticore-0.3.0/examples/evm_reentrancy/mcore_lxn4pwsl,87.33760643005371
RE/0x7541b76cb60f4c60af330c208b0623b7f54bf615_UBANK.sol,False,0,98.53436207771301,True,True,False,Collect(uint256),/mnt/d/work/ubuntu_18_work/manticore_pro/manticore-0.3.0/examples/evm_reentrancy/mcore_f5l07c5a,85.60072875022888
RE/0x7541b76cb60f4c60af330c208b0623b7f54bf615_UBANK.sol,False,0,28.58125376701355,True,True,False,Collect(uint256),/mnt/d/work/ubuntu_18_work/manticore_pro/manticore-0.3.0/examples/evm_reentrancy/mcore_flhzvaes,15.616738319396973
RE/0x7541b76cb60f4c60af330c208b0623b7f54bf615_UBANK.sol,False,0,96.89986515045166,True,True,False,Collect(uint256),/mnt/d/work/ubuntu_18_work/manticore_pro/manticore-0.3.0/examples/evm_reentrancy/mcore_0spu6p68,83.91943454742432
RE/0x7541b76cb60f4c60af330c208b0623b7f54bf615_UBANK.sol,False,0,98.93124842643738,True,True,False,Collect(uint256),/mnt/d/work/ubuntu_18_work/manticore_pro/manticore-0.3.0/examples/evm_reentrancy/mcore_eqc67p14,85.80759358406067
RE/0x7541b76cb60f4c60af330c208b0623b7f54bf615_UBANK.sol,False,0,90.75451302528381,True,True,False,Collect(uint256),/mnt/d/work/ubuntu_18_work/manticore_pro/manticore-0.3.0/examples/evm_reentrancy/mcore_pet8_slz,87.82978558540344
RE/0x7541b76cb60f4c60af330c208b0623b7f54bf615_UBANK.sol,False,0,79.39113855361938,True,True,False,Collect(uint256),/mnt/d/work/ubuntu_18_work/manticore_pro/manticore-0.3.0/examples/evm_reentrancy/mcore_ufz0o0hc,76.50702500343323
0x96edbe868531bd23a6c05e9d0c424ea64fb1b78b.sol,True,234,160.76112627983093,True,True,False,Collect(uint256),/mnt/d/work/ubuntu_18_work/manticore_pro/manticore-0.3.0/examples/evm_reentrancy/0x96edbe868531bd23a6c05e9d0c424ea64fb1b78b.sol_PENNY_BY_PENNY,157.77215027809143
RE/0x7541b76cb60f4c60af330c208b0623b7f54bf615_UBANK.sol,False,0,80.39900469779968,True,True,False,Collect(uint256),/mnt/d/work/ubuntu_18_work/manticore_pro/manticore-0.3.0/examples/evm_reentrancy/mcore_iygfr7d4,77.48352718353271
RE/0x941d225236464a25eb18076df7da6a91d0f95e9e_ETHFUND.sol,False,0,101.18705368041992,True,True,False,Deposit(),/mnt/d/work/ubuntu_18_work/manticore_pro/manticore-0.3.0/examples/evm_reentrancy/mcore_o7k9k7lb,98.14087677001953
RE/0x7541b76cb60f4c60af330c208b0623b7f54bf615_UBANK.sol,False,0,19.422768592834473,True,True,False,Collect(uint256),/mnt/d/work/ubuntu_18_work/manticore_pro/manticore-0.3.0/examples/evm_reentrancy/mcore_m4rlsgks,15.107365846633911
RE/0x7541b76cb60f4c60af330c208b0623b7f54bf615_UBANK.sol,False,0,85.89799809455872,True,True,False,Collect(uint256),/mnt/d/work/ubuntu_18_work/manticore_pro/manticore-0.3.0/examples/evm_reentrancy/mcore_nw811nie,83.05269026756287
RE/0x7541b76cb60f4c60af330c208b0623b7f54bf615_UBANK.sol,True,134,44.89978289604187,True,True,False,Collect(uint256),/mnt/d/work/ubuntu_18_work/manticore_pro/manticore-0.3.0/examples/evm_reentrancy/RE/0x7541b76cb60f4c60af330c208b0623b7f54bf615_UBANK.sol_UBANK,42.429120779037476
RE/0x7541b76cb60f4c60af330c208b0623b7f54bf615_UBANK.sol,False,0,19.72744107246399,True,True,False,Collect(uint256),/mnt/d/work/ubuntu_18_work/manticore_pro/manticore-0.3.0/examples/evm_reentrancy/mcore_wc_xu6z_,16.70742893218994
RE/0x7541b76cb60f4c60af330c208b0623b7f54bf615_UBANK.sol,False,0,10.277234315872192,True,True,False,Collect(uint256),/mnt/d/work/ubuntu_18_work/manticore_pro/manticore-0.3.0/examples/evm_reentrancy/mcore_rskd9ni5,7.6617326736450195
RE/0x7541b76cb60f4c60af330c208b0623b7f54bf615_UBANK.sol,False,0,2.4285669326782227,False,False,False,compile error!
RE/0x7541b76cb60f4c60af330c208b0623b7f54bf615_UBANK.sol,False,0,133.41314888000488,True,True,False,Collect(uint256),/mnt/d/work/ubuntu_18_work/manticore_pro/manticore-0.3.0/examples/evm_reentrancy/mcore_lhyxuu_1,130.45729970932007
RE/0x7b368c4e805c3870b6c49a3f1f49f69af8662cf3_WWALLET.sol,False,0,91.52402782440186,True,True,False,Collect(uint256),/mnt/d/work/ubuntu_18_work/manticore_pro/manticore-0.3.0/examples/evm_reentrancy/mcore_4uhmyu3u,88.89969658851624
RE/0x7b368c4e805c3870b6c49a3f1f49f69af8662cf3_WWALLET.sol,True,134,109.5579662322998,True,True,False,Collect(uint256),/mnt/d/work/ubuntu_18_work/manticore_pro/manticore-0.3.0/examples/evm_reentrancy/RE/0x7b368c4e805c3870b6c49a3f1f49f69af8662cf3_WWALLET.sol_WWALLET,106.70005917549133
RE/0x93c32845fae42c83a70e5f06214c8433665c2ab5_XWALLET.sol,True,134,109.23535871505737,True,True,False,Collect(uint256),/mnt/d/work/ubuntu_18_work/manticore_pro/manticore-0.3.0/examples/evm_reentrancy/RE/0x93c32845fae42c83a70e5f06214c8433665c2ab5_XWALLET.sol_XWALLET,106.0769727230072
RE/0x941d225236464a25eb18076df7da6a91d0f95e9e_ETHFUND.sol,False,0,105.84984469413757,True,True,False,Deposit(),/mnt/d/work/ubuntu_18_work/manticore_pro/manticore-0.3.0/examples/evm_reentrancy/mcore_jz_kztdp,102.88347029685974
RE/0xcead721ef5b11f1a7b530171aab69b16c5e66b6e_WALLET.sol,True,79,97.37769198417664,True,True,False,Collect(uint256),/mnt/d/work/ubuntu_18_work/manticore_pro/manticore-0.3.0/examples/evm_reentrancy/RE/0xcead721ef5b11f1a7b530171aab69b16c5e66b6e_WALLET.sol_WALLET,94.72719216346741
RE/0xf015c35649c82f5467c9c74b7f28ee67665aad68_MYBANK.sol,True,134,113.02769017219543,True,True,False,Collect(uint256),/mnt/d/work/ubuntu_18_work/manticore_pro/manticore-0.3.0/examples/evm_reentrancy/RE/0xf015c35649c82f5467c9c74b7f28ee67665aad68_MYBANK.sol_MYBANK,110.29964756965637
RE/0x96edbe868531bd23a6c05e9d0c424ea64fb1b78b1_PENNYBYPENNY.sol,False,0,191.44631266593933,True,True,False,Put(uint256),/mnt/d/work/ubuntu_18_work/manticore_pro/manticore-0.3.0/examples/evm_reentrancy/mcore_4xi6t9vq,188.75609755516052
RE/0x96edbe868531bd23a6c05e9d0c424ea64fb1b78b1_PENNYBYPENNY.sol,True,240,180.69871306419373,True,True,False,Collect(uint256),/mnt/d/work/ubuntu_18_work/manticore_pro/manticore-0.3.0/examples/evm_reentrancy/RE/0x96edbe868531bd23a6c05e9d0c424ea64fb1b78b1_PENNYBYPENNY.sol_PENNYBYPENNY,177.57065391540527
RE/0x23a91059fdc9579a9fbd0edc5f2ea0bfdb70deb41_PrivateBank.sol,False,0,134.97506523132324,True,True,False,Deposit(),/mnt/d/work/ubuntu_18_work/manticore_pro/manticore-0.3.0/examples/evm_reentrancy/mcore_4wqfdd1s,131.97362685203552
RE/0x23a91059fdc9579a9fbd0edc5f2ea0bfdb70deb41_PrivateBank.sol,False,0,109.23674416542053,True,True,False,Deposit(),/mnt/d/work/ubuntu_18_work/manticore_pro/manticore-0.3.0/examples/evm_reentrancy/mcore_tfipsai5,106.53036189079285
RE/0x23a91059fdc9579a9fbd0edc5f2ea0bfdb70deb41_PrivateBank.sol,True,165,97.93827819824219,True,True,False,CashOut(uint256),/mnt/d/work/ubuntu_18_work/manticore_pro/manticore-0.3.0/examples/evm_reentrancy/RE/0x23a91059fdc9579a9fbd0edc5f2ea0bfdb70deb41_PrivateBank.sol_PrivateBank,95.4181547164917
RE/0x23a91059fdc9579a9fbd0edc5f2ea0bfdb70deb41_PrivateBank.sol,True,165,90.75088286399841,True,True,False,CashOut(uint256),/mnt/d/work/ubuntu_18_work/manticore_pro/manticore-0.3.0/examples/evm_reentrancy/RE/0x23a91059fdc9579a9fbd0edc5f2ea0bfdb70deb41_PrivateBank.sol_PrivateBank,87.89439845085144
